[{"id":"1", "itemTitle":"Mickey Mouse", "imageName":"mickey.png", "itemDescription":"Mickey Mouse is a funny animal cartoon character and the official mascot of The Walt Disney Company. He was created by Walt Disney and Ub Iwerks at the Walt Disney Studios in 1928. An anthropomorphic mouse who typically wears red shorts, large yellow shoes, and white gloves, Mickey has become one of the most recognizable cartoon characters in the world."},
        {"id":"2", "itemTitle":"Tom", "imageName":"tom.png", "itemDescription":"Tom and Jerry is a series of theatrical animated shorts created by William Hanna and Joseph Barbera. The cartoons are about a rivalrous cat-and-mouse team. Thomas 'Tom' Cat is a fictional character and one of the title characters (the second being Jerry Mouse) in Metro-Goldwyn-Mayer's series of Tom and Jerry theatrical cartoon short films. Created by William Hanna and Joseph Barbera, Tom is a blue/grey anthropomorphic domestic short-haired cat who first appeared in the 1940 animated short Puss Gets the Boot. Tom was originally known as 'Jasper' during his debut in that short, however, beginning from his next appearance in The Midnight Snack and onwards, he is known as 'Tom' or 'Thomas'."},
        {"id":"3", "itemTitle":"Tweety", "imageName":"tweety.png", "itemDescription":"Tweety (Tweety Bird) is an animated fictional yellow canary in the Warner Bros. Looney Tunes and Merrie Melodies series of animated cartoons. The name 'Tweety' is a play on words, as it originally meant 'sweetie', along with 'tweet' being a typical English onomatopoeia for the sounds of birds. His characteristics are based on Red Skelton's famous 'Mean Widdle Kid'. Tweety appeared in 47 cartoons in the golden age."}]