{
  "Packages": [
    {
      "Package": {
        "Id": "UiPath.UIAutomation.Activities",
        "Version": "19.5.0"
      },
      "Assemblies": [
        "C:\\Users\\Kannan.S\\.nuget\\packages\\avalonedit/5.0.3\\lib/Net40/ICSharpCode.AvalonEdit.dll",
        "C:\\Users\\Kannan.S\\.nuget\\packages\\extended.wpf.toolkit/2.8.0\\lib/net40/Xceed.Wpf.AvalonDock.dll",
        "C:\\Users\\Kannan.S\\.nuget\\packages\\extended.wpf.toolkit/2.8.0\\lib/net40/Xceed.Wpf.AvalonDock.Themes.Aero.dll",
        "C:\\Users\\Kannan.S\\.nuget\\packages\\extended.wpf.toolkit/2.8.0\\lib/net40/Xceed.Wpf.AvalonDock.Themes.Metro.dll",
        "C:\\Users\\Kannan.S\\.nuget\\packages\\extended.wpf.toolkit/2.8.0\\lib/net40/Xceed.Wpf.AvalonDock.Themes.VS2010.dll",
        "C:\\Users\\Kannan.S\\.nuget\\packages\\extended.wpf.toolkit/2.8.0\\lib/net40/Xceed.Wpf.DataGrid.dll",
        "C:\\Users\\Kannan.S\\.nuget\\packages\\extended.wpf.toolkit/2.8.0\\lib/net40/Xceed.Wpf.Toolkit.dll",
        "C:\\Users\\Kannan.S\\.nuget\\packages\\humanizer.core/2.4.2\\lib/netstandard2.0/Humanizer.dll",
        "C:\\Users\\Kannan.S\\.nuget\\packages\\uipath/19.5.7079.28746\\lib/UiPath.Interop.dll",
        "C:\\Users\\Kannan.S\\.nuget\\packages\\uipath.ocr.contracts/1.0.0\\lib/net45/UiPath.OCR.Contracts.dll",
        "C:\\Users\\Kannan.S\\.nuget\\packages\\uipath.uiautomation.activities/19.5.0\\lib/net461/ActiproSoftware.DataGrid.Contrib.Wpf.dll",
        "C:\\Users\\Kannan.S\\.nuget\\packages\\uipath.uiautomation.activities/19.5.0\\lib/net461/ActiproSoftware.Docking.Wpf.dll",
        "C:\\Users\\Kannan.S\\.nuget\\packages\\uipath.uiautomation.activities/19.5.0\\lib/net461/ActiproSoftware.Editors.Wpf.dll",
        "C:\\Users\\Kannan.S\\.nuget\\packages\\uipath.uiautomation.activities/19.5.0\\lib/net461/ActiproSoftware.Ribbon.Wpf.dll",
        "C:\\Users\\Kannan.S\\.nuget\\packages\\uipath.uiautomation.activities/19.5.0\\lib/net461/ActiproSoftware.Shared.Wpf.dll",
        "C:\\Users\\Kannan.S\\.nuget\\packages\\uipath.uiautomation.activities/19.5.0\\lib/net461/ActiproSoftware.SyntaxEditor.Addons.DotNet.Wpf.dll",
        "C:\\Users\\Kannan.S\\.nuget\\packages\\uipath.uiautomation.activities/19.5.0\\lib/net461/ActiproSoftware.SyntaxEditor.Wpf.dll",
        "C:\\Users\\Kannan.S\\.nuget\\packages\\uipath.uiautomation.activities/19.5.0\\lib/net461/ActiproSoftware.Text.Addons.DotNet.Wpf.dll",
        "C:\\Users\\Kannan.S\\.nuget\\packages\\uipath.uiautomation.activities/19.5.0\\lib/net461/ActiproSoftware.Text.LLParser.Wpf.dll",
        "C:\\Users\\Kannan.S\\.nuget\\packages\\uipath.uiautomation.activities/19.5.0\\lib/net461/ActiproSoftware.Text.Wpf.dll",
        "C:\\Users\\Kannan.S\\.nuget\\packages\\uipath.uiautomation.activities/19.5.0\\lib/net461/ActiproSoftware.Wizard.Wpf.dll",
        "C:\\Users\\Kannan.S\\.nuget\\packages\\uipath.uiautomation.activities/19.5.0\\lib/net461/UiPath.UIAutomation.Activities.Design.dll",
        "C:\\Users\\Kannan.S\\.nuget\\packages\\uipath.uiautomation.activities/19.5.0\\lib/net461/UiPath.UiAutomation.Activities.dll",
        "C:\\Users\\Kannan.S\\.nuget\\packages\\uipath.uiautomation.activities/19.5.0\\lib/net461/UiPath.Wizards.dll",
        "C:\\Users\\Kannan.S\\.nuget\\packages\\uipath.vision/1.6.0\\lib/net452/UiPath.Vision.AbbyyCloud.dll",
        "C:\\Users\\Kannan.S\\.nuget\\packages\\uipath.vision/1.6.0\\lib/net452/UiPath.Vision.AbbyyFRE11.dll",
        "C:\\Users\\Kannan.S\\.nuget\\packages\\uipath.vision/1.6.0\\lib/net452/UiPath.Vision.AbbyyFRE12.dll",
        "C:\\Users\\Kannan.S\\.nuget\\packages\\uipath.vision/1.6.0\\lib/net452/UiPath.Vision.AbbyyFRECommon.dll",
        "C:\\Users\\Kannan.S\\.nuget\\packages\\uipath.vision/1.6.0\\lib/net452/UiPath.Vision.AzureComputerVision.dll",
        "C:\\Users\\Kannan.S\\.nuget\\packages\\uipath.vision/1.6.0\\lib/net452/UiPath.Vision.Core.dll",
        "C:\\Users\\Kannan.S\\.nuget\\packages\\uipath.vision/1.6.0\\lib/net452/UiPath.Vision.dll",
        "C:\\Users\\Kannan.S\\.nuget\\packages\\uipath.vision/1.6.0\\lib/net452/UiPath.Vision.GoogleCloud.dll",
        "C:\\Users\\Kannan.S\\.nuget\\packages\\uipath.vision/1.6.0\\lib/net452/UiPath.Vision.Microsoft.dll",
        "C:\\Users\\Kannan.S\\.nuget\\packages\\uipath.vision/1.6.0\\lib/net452/UiPath.Vision.MicrosoftCloud.dll",
        "C:\\Users\\Kannan.S\\.nuget\\packages\\uipath.vision/1.6.0\\lib/net452/UiPath.Vision.Tesseract.dll"
      ]
    }
  ],
  "Conflicts": [],
  "ResolvedDependencies": {
    "AvalonEdit": {
      "Id": "AvalonEdit",
      "Version": "5.0.3",
      "Dependencies": []
    },
    "Extended.Wpf.Toolkit": {
      "Id": "Extended.Wpf.Toolkit",
      "Version": "2.8.0",
      "Dependencies": []
    },
    "Humanizer.Core": {
      "Id": "Humanizer.Core",
      "Version": "2.4.2",
      "Dependencies": []
    },
    "UiPath": {
      "Id": "UiPath",
      "Version": "19.5.7079.28746",
      "Dependencies": []
    },
    "UiPath.OCR.Contracts": {
      "Id": "UiPath.OCR.Contracts",
      "Version": "1.0.0",
      "Dependencies": []
    },
    "UiPath.UIAutomation.Activities": {
      "Id": "UiPath.UIAutomation.Activities",
      "Version": "19.5.0",
      "Dependencies": [
        {
          "Item1": "UiPath.Vision",
          "Item2": "[1.6.0, )"
        },
        {
          "Item1": "UiPath.OCR.Contracts",
          "Item2": "[1.0.0, )"
        },
        {
          "Item1": "AvalonEdit",
          "Item2": "[5.0.3, )"
        },
        {
          "Item1": "Extended.Wpf.Toolkit",
          "Item2": "[2.8.0, )"
        },
        {
          "Item1": "Humanizer.Core",
          "Item2": "[2.4.2, )"
        },
        {
          "Item1": "UiPath",
          "Item2": "[19.5.7079.28746, )"
        }
      ]
    },
    "UiPath.Vision": {
      "Id": "UiPath.Vision",
      "Version": "1.6.0",
      "Dependencies": []
    }
  }
}